Source->Target,Model1,Model2,p,m1m2 all right,m1 right m2 wrong,m1 wrong m2 right,m1m2 all wrong,If exits diversity
EQ-JDT,SM1,SM2,1.50E-06,172,1,26,7,Y
EQ-JDT,SM1,SM3,0.011616891,158,15,4,29,Y
EQ-JDT,SM1,SM4,0.303483664,159,14,20,13,N
EQ-JDT,SM1,SM5,2.52E-06,172,1,25,8,Y
EQ-JDT,SM1,SM6,4.22E-06,172,1,24,9,Y
EQ-JDT,SM1,SM7,5.31E-05,170,3,24,9,Y
EQ-JDT,SM1,SM8,0.023342202,165,8,20,13,Y
EQ-JDT,SM2,SM3,1.25E-08,160,38,2,6,Y
EQ-JDT,SM2,SM4,0.000255631,175,23,4,4,Y
EQ-JDT,SM2,SM5,0.317310508,197,1,0,8,N
EQ-JDT,SM2,SM6,0.617075077,189,9,7,1,N
EQ-JDT,SM2,SM7,0.285049407,189,9,5,3,N
EQ-JDT,SM2,SM8,0.00455635,181,17,4,4,Y
EQ-JDT,SM3,SM4,0.004059196,153,9,26,18,Y
EQ-JDT,SM3,SM5,2.09E-08,160,2,37,7,Y
EQ-JDT,SM3,SM6,1.46E-08,161,1,35,9,Y
EQ-JDT,SM3,SM7,4.07E-08,161,1,33,11,Y
EQ-JDT,SM3,SM8,3.61E-05,158,4,27,17,Y
EQ-JDT,SM4,SM5,0.000415418,175,4,22,5,Y
EQ-JDT,SM4,SM6,0.000207502,177,2,19,8,Y
EQ-JDT,SM4,SM7,0.000274727,178,1,16,11,Y
EQ-JDT,SM4,SM8,0.133614403,174,5,11,16,N
EQ-JDT,SM5,SM6,0.796253415,189,8,7,2,N
EQ-JDT,SM5,SM7,0.405380556,189,8,5,4,N
EQ-JDT,SM5,SM8,0.007290358,181,16,4,5,Y
EQ-JDT,SM6,SM7,0.527089257,190,6,4,6,N
EQ-JDT,SM6,SM8,0.007632882,182,14,3,7,Y
EQ-JDT,SM7,SM8,0.012554919,183,11,2,10,Y
EQ-LC,SM1,SM2,0.345778586,36,7,11,10,N
EQ-LC,SM1,SM3,0.345778586,36,7,11,10,N
EQ-LC,SM1,SM4,0.004508698,41,2,13,8,Y
EQ-LC,SM1,SM5,0.669815358,31,12,10,11,N
EQ-LC,SM1,SM6,0.038947456,38,5,14,7,Y
EQ-LC,SM1,SM7,0.059346439,38,5,13,8,N
EQ-LC,SM1,SM8,0.020136752,40,3,12,9,Y
EQ-LC,SM2,SM3,1,39,8,8,9,N
EQ-LC,SM2,SM4,0.070701145,43,4,11,6,N
EQ-LC,SM2,SM5,0.10880943,37,10,4,13,N
EQ-LC,SM2,SM6,0.196705602,42,5,10,7,N
EQ-LC,SM2,SM7,0.345778586,40,7,11,6,N
EQ-LC,SM2,SM8,0.165517859,43,4,9,8,N
EQ-LC,SM3,SM4,0.052203635,44,3,10,7,N
EQ-LC,SM3,SM5,0.133614403,36,11,5,12,N
EQ-LC,SM3,SM6,0.225252906,41,6,11,6,N
EQ-LC,SM3,SM7,0.285049407,42,5,9,8,N
EQ-LC,SM3,SM8,0.131668016,44,3,8,9,N
EQ-LC,SM4,SM5,0.00455635,37,17,4,6,Y
EQ-LC,SM4,SM6,0.527089257,48,6,4,6,N
EQ-LC,SM4,SM7,0.317310508,48,6,3,7,N
EQ-LC,SM4,SM8,0.479500122,49,5,3,7,N
EQ-LC,SM5,SM6,0.011616891,37,4,15,8,Y
EQ-LC,SM5,SM7,0.018422125,37,4,14,9,Y
EQ-LC,SM5,SM8,0.011616891,37,4,15,8,Y
EQ-LC,SM6,SM7,0.781511295,45,7,6,6,N
EQ-LC,SM6,SM8,1,47,5,5,7,N
EQ-LC,SM7,SM8,0.73888268,47,4,5,8,N
EQ-ML,SM1,SM2,0.000346619,141,2,18,84,Y
EQ-ML,SM1,SM3,0.000238563,140,3,21,81,Y
EQ-ML,SM1,SM4,0.000603644,136,7,27,75,Y
EQ-ML,SM1,SM5,0.522052724,110,33,28,74,N
EQ-ML,SM1,SM6,5.02E-06,139,4,31,71,Y
EQ-ML,SM1,SM7,9.49E-07,140,3,32,70,Y
EQ-ML,SM1,SM8,0.000385747,136,7,28,74,Y
EQ-ML,SM2,SM3,0.527089257,155,4,6,80,N
EQ-ML,SM2,SM4,0.345778586,152,7,11,75,N
EQ-ML,SM2,SM5,0.003275897,123,36,15,71,Y
EQ-ML,SM2,SM6,0.027806895,152,7,18,68,Y
EQ-ML,SM2,SM7,0.00671439,154,5,18,68,Y
EQ-ML,SM2,SM8,0.369171416,146,13,18,68,N
EQ-ML,SM3,SM4,0.705456986,148,13,15,69,N
EQ-ML,SM3,SM5,0.000793952,126,35,12,72,Y
EQ-ML,SM3,SM6,0.09467072,151,10,19,65,N
EQ-ML,SM3,SM7,0.021810119,155,6,17,67,Y
EQ-ML,SM3,SM8,0.590013887,147,14,17,67,N
EQ-ML,SM4,SM5,0.00163436,119,44,19,63,Y
EQ-ML,SM4,SM6,0.161513318,154,9,16,66,N
EQ-ML,SM4,SM7,0.071860638,155,8,17,65,N
EQ-ML,SM4,SM8,0.875896058,143,20,21,61,N
EQ-ML,SM5,SM6,8.18E-05,121,17,49,58,Y
EQ-ML,SM5,SM7,9.23E-07,131,7,41,66,Y
EQ-ML,SM5,SM8,0.000236034,126,12,38,69,Y
EQ-ML,SM6,SM7,0.72367361,155,15,17,58,N
EQ-ML,SM6,SM8,0.330390049,148,22,16,59,N
EQ-ML,SM7,SM8,0.130570018,154,18,10,63,N
EQ-PDE,SM1,SM2,0.000162441,134,1,17,57,Y
EQ-PDE,SM1,SM3,0.052203635,102,33,19,55,N
EQ-PDE,SM1,SM4,0.000688311,113,22,51,23,Y
EQ-PDE,SM1,SM5,0.890745801,108,27,26,48,N
EQ-PDE,SM1,SM6,7.81E-18,135,0,74,0,Y
EQ-PDE,SM1,SM7,3.43E-05,125,10,39,35,Y
EQ-PDE,SM1,SM8,7.75E-11,133,2,48,26,Y
EQ-PDE,SM2,SM3,3.67E-06,115,36,6,52,Y
EQ-PDE,SM2,SM4,0.090559093,128,23,36,22,N
EQ-PDE,SM2,SM5,0.011270105,120,31,14,44,Y
EQ-PDE,SM2,SM6,2.62E-14,151,0,58,0,Y
EQ-PDE,SM2,SM7,0.052632303,135,16,29,29,N
EQ-PDE,SM2,SM8,5.73E-07,148,3,33,25,Y
EQ-PDE,SM3,SM4,4.03E-06,99,22,65,23,Y
EQ-PDE,SM3,SM5,0.068703574,102,19,32,56,N
EQ-PDE,SM3,SM6,6.55E-21,121,0,88,0,Y
EQ-PDE,SM3,SM7,4.83E-07,106,15,58,30,Y
EQ-PDE,SM3,SM8,1.52E-13,118,3,63,25,Y
EQ-PDE,SM4,SM5,0.000487688,112,52,22,23,Y
EQ-PDE,SM4,SM6,1.97E-11,164,0,45,0,Y
EQ-PDE,SM4,SM7,1,132,32,32,13,N
EQ-PDE,SM4,SM8,0.013149117,149,15,32,13,Y
EQ-PDE,SM5,SM6,4.71E-18,134,0,75,0,Y
EQ-PDE,SM5,SM7,3.18E-05,123,11,41,34,Y
EQ-PDE,SM5,SM8,4.66E-11,132,2,49,26,Y
EQ-PDE,SM6,SM7,1.97E-11,164,45,0,0,Y
EQ-PDE,SM6,SM8,1.21E-07,181,28,0,0,Y
EQ-PDE,SM7,SM8,0.000673859,160,4,21,24,Y
JDT-EQ,SM1,SM2,0.001279028,20,37,14,58,Y
JDT-EQ,SM1,SM3,0.169911842,40,17,26,46,N
JDT-EQ,SM1,SM4,2.72E-09,16,41,2,70,Y
JDT-EQ,SM1,SM5,3.55E-06,11,46,11,61,Y
JDT-EQ,SM1,SM6,2.15E-17,57,0,72,0,Y
JDT-EQ,SM1,SM7,2.38E-06,18,39,7,65,Y
JDT-EQ,SM1,SM8,6.78E-08,15,42,5,67,Y
JDT-EQ,SM2,SM3,3.86E-06,26,8,40,55,Y
JDT-EQ,SM2,SM4,0.001090835,14,20,4,91,Y
JDT-EQ,SM2,SM5,0.045500264,10,24,12,83,Y
JDT-EQ,SM2,SM6,1.90E-22,34,0,95,0,Y
JDT-EQ,SM2,SM7,0.083264517,16,18,9,86,N
JDT-EQ,SM2,SM8,0.000465258,19,15,1,94,Y
JDT-EQ,SM3,SM4,6.49E-11,15,51,3,60,Y
JDT-EQ,SM3,SM5,2.30E-08,13,53,9,54,Y
JDT-EQ,SM3,SM6,2.07E-15,66,0,63,0,Y
JDT-EQ,SM3,SM7,1.78E-08,19,47,6,57,Y
JDT-EQ,SM3,SM8,7.75E-11,18,48,2,61,Y
JDT-EQ,SM4,SM5,0.414216178,8,10,14,97,N
JDT-EQ,SM4,SM6,5.92E-26,18,0,111,0,Y
JDT-EQ,SM4,SM7,0.070701145,14,4,11,100,N
JDT-EQ,SM4,SM8,0.479500122,15,3,5,106,N
JDT-EQ,SM5,SM6,4.45E-25,22,0,107,0,Y
JDT-EQ,SM5,SM7,0.590013887,8,14,17,90,N
JDT-EQ,SM5,SM8,0.669815358,10,12,10,97,N
JDT-EQ,SM6,SM7,2.02E-24,25,104,0,0,Y
JDT-EQ,SM6,SM8,1.62E-25,20,109,0,0,Y
JDT-EQ,SM7,SM8,0.225252906,14,11,6,98,N
JDT-LC,SM1,SM2,0.275233524,10,13,8,33,N
JDT-LC,SM1,SM3,0.016377308,18,5,16,25,Y
JDT-LC,SM1,SM4,0.220671362,8,15,9,32,N
JDT-LC,SM1,SM5,0.012354585,16,7,20,21,Y
JDT-LC,SM1,SM6,1.52E-10,23,0,41,0,Y
JDT-LC,SM1,SM7,0.049534613,8,15,6,35,Y
JDT-LC,SM1,SM8,0.021810119,6,17,6,35,Y
JDT-LC,SM2,SM3,0.001701872,13,5,21,25,Y
JDT-LC,SM2,SM4,0.796253415,10,8,7,39,N
JDT-LC,SM2,SM5,0.000238563,15,3,21,25,Y
JDT-LC,SM2,SM6,1.18E-11,18,0,46,0,Y
JDT-LC,SM2,SM7,0.345778586,7,11,7,39,N
JDT-LC,SM2,SM8,0.083264517,9,9,3,43,N
JDT-LC,SM3,SM4,0.000673859,13,21,4,26,Y
JDT-LC,SM3,SM5,0.654720846,25,9,11,19,N
JDT-LC,SM3,SM6,4.32E-08,34,0,30,0,Y
JDT-LC,SM3,SM7,8.77E-05,11,23,3,27,Y
JDT-LC,SM3,SM8,7.10E-06,11,23,1,29,Y
JDT-LC,SM4,SM5,0.000144696,14,3,22,25,Y
JDT-LC,SM4,SM6,7.10E-12,17,0,47,0,Y
JDT-LC,SM4,SM7,0.405380556,9,8,5,42,N
JDT-LC,SM4,SM8,0.025347319,12,5,0,47,Y
JDT-LC,SM5,SM6,1.21E-07,36,0,28,0,Y
JDT-LC,SM5,SM7,7.10E-06,13,23,1,27,Y
JDT-LC,SM5,SM8,9.63E-07,12,24,0,28,Y
JDT-LC,SM6,SM7,1.54E-12,14,50,0,0,Y
JDT-LC,SM6,SM8,5.55E-13,12,52,0,0,Y
JDT-LC,SM7,SM8,0.479500122,9,5,3,47,N
JDT-ML,SM1,SM2,1.60E-06,21,57,16,151,Y
JDT-ML,SM1,SM3,0.093447822,62,16,27,140,N
JDT-ML,SM1,SM4,0.043114447,43,35,20,147,Y
JDT-ML,SM1,SM5,0.709815267,47,31,34,133,N
JDT-ML,SM1,SM6,9.99E-06,60,18,56,111,Y
JDT-ML,SM1,SM7,0.084837745,52,26,40,127,N
JDT-ML,SM1,SM8,1.53E-06,34,44,9,158,Y
JDT-ML,SM2,SM3,9.33E-09,22,15,67,141,Y
JDT-ML,SM2,SM4,0.000126337,27,10,36,172,Y
JDT-ML,SM2,SM5,3.80E-08,27,10,54,154,Y
JDT-ML,SM2,SM6,5.57E-17,32,5,84,124,Y
JDT-ML,SM2,SM7,3.56E-11,30,7,62,146,Y
JDT-ML,SM2,SM8,0.256839258,26,11,17,191,N
JDT-ML,SM3,SM4,0.000959969,45,44,18,138,Y
JDT-ML,SM3,SM5,0.331975467,51,38,30,126,N
JDT-ML,SM3,SM6,0.001353864,67,22,49,107,Y
JDT-ML,SM3,SM7,0.685830434,63,26,29,127,N
JDT-ML,SM3,SM8,5.16E-09,35,54,8,148,Y
JDT-ML,SM4,SM5,0.020136752,42,21,39,143,Y
JDT-ML,SM4,SM6,8.90E-13,62,1,54,128,Y
JDT-ML,SM4,SM7,4.46E-07,61,2,31,151,Y
JDT-ML,SM4,SM8,2.01E-05,42,21,1,181,Y
JDT-ML,SM5,SM6,2.51E-05,64,17,52,112,Y
JDT-ML,SM5,SM7,0.165786684,55,26,37,127,N
JDT-ML,SM5,SM8,3.82E-07,34,47,9,155,Y
JDT-ML,SM6,SM7,3.86E-05,87,29,5,124,Y
JDT-ML,SM6,SM8,3.48E-17,42,74,1,128,Y
JDT-ML,SM7,SM8,6.82E-12,42,50,1,152,Y
JDT-PDE,SM1,SM2,0.579099742,24,28,24,133,N
JDT-PDE,SM1,SM3,1.90E-05,40,12,44,113,Y
JDT-PDE,SM1,SM4,0.015861333,22,30,14,143,Y
JDT-PDE,SM1,SM5,0.173568167,20,32,22,135,N
JDT-PDE,SM1,SM6,5.12E-36,52,0,157,0,Y
JDT-PDE,SM1,SM7,2.42E-07,42,10,50,107,Y
JDT-PDE,SM1,SM8,0.342781711,29,23,17,140,N
JDT-PDE,SM2,SM3,1.69E-05,31,17,53,108,Y
JDT-PDE,SM2,SM4,0.045500264,24,24,12,149,Y
JDT-PDE,SM2,SM5,0.376344493,22,26,20,141,N
JDT-PDE,SM2,SM6,6.84E-37,48,0,161,0,Y
JDT-PDE,SM2,SM7,6.09E-08,37,11,55,106,Y
JDT-PDE,SM2,SM8,0.72367361,31,17,15,146,N
JDT-PDE,SM3,SM4,1.97E-09,28,56,8,117,Y
JDT-PDE,SM3,SM5,3.52E-07,29,55,13,112,Y
JDT-PDE,SM3,SM6,5.09E-29,84,0,125,0,Y
JDT-PDE,SM3,SM7,0.324755765,55,29,37,88,N
JDT-PDE,SM3,SM8,6.05E-07,36,48,10,115,Y
JDT-PDE,SM4,SM5,0.365712296,17,19,25,148,N
JDT-PDE,SM4,SM6,1.64E-39,36,0,173,0,Y
JDT-PDE,SM4,SM7,5.46E-12,31,5,61,112,Y
JDT-PDE,SM4,SM8,0.041226833,29,7,17,156,Y
JDT-PDE,SM5,SM6,3.35E-38,42,0,167,0,Y
JDT-PDE,SM5,SM7,3.80E-09,31,11,61,106,Y
JDT-PDE,SM5,SM8,0.586213681,17,25,29,138,N
JDT-PDE,SM6,SM7,2.87E-27,92,117,0,0,Y
JDT-PDE,SM6,SM8,2.50E-37,46,163,0,0,Y
JDT-PDE,SM7,SM8,7.90E-10,41,51,5,112,Y
LC-EQ,SM1,SM2,0.007526315,2,2,12,113,Y
LC-EQ,SM1,SM3,2.21E-05,4,0,18,107,Y
LC-EQ,SM1,SM4,0.001616222,2,2,15,110,Y
LC-EQ,SM1,SM5,0.007526315,2,2,12,113,Y
LC-EQ,SM1,SM6,5.79E-08,2,2,35,90,Y
LC-EQ,SM1,SM7,5.74E-06,2,2,26,99,Y
LC-EQ,SM1,SM8,0.002699796,2,2,14,111,Y
LC-EQ,SM2,SM3,0.07363827,8,6,14,101,N
LC-EQ,SM2,SM4,0.365712296,10,4,7,108,N
LC-EQ,SM2,SM5,1,6,8,8,107,N
LC-EQ,SM2,SM6,1.95E-05,11,3,26,89,Y
LC-EQ,SM2,SM7,0.004266725,9,5,19,96,Y
LC-EQ,SM2,SM8,0.563702862,9,5,7,108,N
LC-EQ,SM3,SM4,0.251349109,10,12,7,100,N
LC-EQ,SM3,SM5,0.102470435,6,16,8,99,N
LC-EQ,SM3,SM6,0.007058332,14,8,23,84,Y
LC-EQ,SM3,SM7,0.239316541,12,10,16,91,N
LC-EQ,SM3,SM8,0.157299207,10,12,6,101,N
LC-EQ,SM4,SM5,0.405380556,9,8,5,107,N
LC-EQ,SM4,SM6,7.74E-06,17,0,20,92,Y
LC-EQ,SM4,SM7,0.004508698,15,2,13,99,Y
LC-EQ,SM4,SM8,0.563702862,15,2,1,111,N
LC-EQ,SM5,SM6,1.95E-05,11,3,26,89,Y
LC-EQ,SM5,SM7,0.006039559,8,6,20,95,Y
LC-EQ,SM5,SM8,0.563702862,9,5,7,108,N
LC-EQ,SM6,SM7,0.038947456,23,14,5,87,Y
LC-EQ,SM6,SM8,4.59E-06,16,21,0,92,Y
LC-EQ,SM7,SM8,0.002699796,14,14,2,99,Y
LC-JDT,SM1,SM2,3.86E-11,46,13,75,72,Y
LC-JDT,SM1,SM3,4.84E-07,21,38,5,142,Y
LC-JDT,SM1,SM4,4.77E-14,53,6,73,74,Y
LC-JDT,SM1,SM5,7.24E-08,30,29,0,147,Y
LC-JDT,SM1,SM6,7.85E-34,59,0,147,0,Y
LC-JDT,SM1,SM7,5.21E-23,55,4,109,38,Y
LC-JDT,SM1,SM8,3.32E-06,42,17,57,90,Y
LC-JDT,SM2,SM3,1.84E-20,21,100,5,80,Y
LC-JDT,SM2,SM4,0.335923813,110,11,16,69,N
LC-JDT,SM2,SM5,2.47E-20,27,94,3,82,Y
LC-JDT,SM2,SM6,2.98E-20,121,0,85,0,Y
LC-JDT,SM2,SM7,3.49E-09,116,5,48,37,Y
LC-JDT,SM2,SM8,0.000245733,92,29,7,78,Y
LC-JDT,SM3,SM4,1.06E-22,24,2,102,78,Y
LC-JDT,SM3,SM5,0.465208818,13,13,17,163,N
LC-JDT,SM3,SM6,4.85E-41,26,0,180,0,Y
LC-JDT,SM3,SM7,1.32E-30,23,3,141,39,Y
LC-JDT,SM3,SM8,5.02E-15,19,7,80,100,Y
LC-JDT,SM4,SM5,1.15E-22,30,96,0,80,Y
LC-JDT,SM4,SM6,3.74E-19,126,0,80,0,Y
LC-JDT,SM4,SM7,2.11E-08,122,4,42,38,Y
LC-JDT,SM4,SM8,9.05E-06,94,32,5,75,Y
LC-JDT,SM5,SM6,3.62E-40,30,0,176,0,Y
LC-JDT,SM5,SM7,3.87E-30,28,2,136,40,Y
LC-JDT,SM5,SM8,6.70E-16,28,2,71,105,Y
LC-JDT,SM6,SM7,9.13E-11,164,42,0,0,Y
LC-JDT,SM6,SM8,4.45E-25,99,107,0,0,Y
LC-JDT,SM7,SM8,6.12E-14,94,70,5,37,Y
LC-ML,SM1,SM2,0.157299207,14,12,20,199,N
LC-ML,SM1,SM3,0.745602789,6,20,18,201,N
LC-ML,SM1,SM4,3.05E-15,21,5,76,143,Y
LC-ML,SM1,SM5,4.59E-26,22,4,123,96,Y
LC-ML,SM1,SM6,1.11E-28,22,4,135,84,Y
LC-ML,SM1,SM7,8.16E-25,21,5,120,99,Y
LC-ML,SM1,SM8,7.90E-07,21,5,37,182,Y
LC-ML,SM2,SM3,0.157299207,4,30,20,191,N
LC-ML,SM2,SM4,5.53E-15,33,1,64,147,Y
LC-ML,SM2,SM5,1.59E-25,33,1,112,99,Y
LC-ML,SM2,SM6,1.39E-28,34,0,123,88,Y
LC-ML,SM2,SM7,1.20E-24,33,1,108,103,Y
LC-ML,SM2,SM8,5.74E-06,32,2,26,185,Y
LC-ML,SM3,SM4,6.91E-14,13,11,84,137,Y
LC-ML,SM3,SM5,4.76E-25,16,8,129,92,Y
LC-ML,SM3,SM6,1.63E-29,21,3,136,85,Y
LC-ML,SM3,SM7,6.95E-25,18,6,123,98,Y
LC-ML,SM3,SM8,2.14E-05,9,15,49,172,Y
LC-ML,SM4,SM5,1.14E-11,96,1,49,99,Y
LC-ML,SM4,SM6,9.49E-15,97,0,60,88,Y
LC-ML,SM4,SM7,8.73E-11,96,1,45,103,Y
LC-ML,SM4,SM8,4.24E-10,58,39,0,148,Y
LC-ML,SM5,SM6,0.000532006,145,0,12,88,Y
LC-ML,SM5,SM7,0.393768635,132,13,9,91,N
LC-ML,SM5,SM8,1.09E-20,58,87,0,100,Y
LC-ML,SM6,SM7,0.000346619,139,18,2,86,Y
LC-ML,SM6,SM8,2.53E-23,58,99,0,88,Y
LC-ML,SM7,SM8,8.21E-20,58,83,0,104,Y
LC-PDE,SM1,SM2,0.479500122,12,5,3,189,N
LC-PDE,SM1,SM3,0.000124236,15,2,20,172,Y
LC-PDE,SM1,SM4,0.038947456,12,5,14,178,Y
LC-PDE,SM1,SM5,5.23E-08,10,7,47,145,Y
LC-PDE,SM1,SM6,3.44E-13,13,4,64,128,Y
LC-PDE,SM1,SM7,4.11E-09,11,6,50,142,Y
LC-PDE,SM1,SM8,0.000406952,11,6,26,166,Y
LC-PDE,SM2,SM3,7.74E-06,15,0,20,174,Y
LC-PDE,SM2,SM4,0.000911119,15,0,11,183,Y
LC-PDE,SM2,SM5,5.92E-10,13,2,44,150,Y
LC-PDE,SM2,SM6,3.43E-15,15,0,62,132,Y
LC-PDE,SM2,SM7,3.15E-11,14,1,47,147,Y
LC-PDE,SM2,SM8,7.10E-06,14,1,23,171,Y
LC-PDE,SM3,SM4,0.071860638,18,17,8,166,N
LC-PDE,SM3,SM5,0.001179784,23,12,34,140,Y
LC-PDE,SM3,SM6,1.52E-07,24,11,53,121,Y
LC-PDE,SM3,SM7,0.000311491,22,13,39,135,Y
LC-PDE,SM3,SM8,0.745602789,17,18,20,154,N
LC-PDE,SM4,SM5,3.46E-07,23,3,34,149,Y
LC-PDE,SM4,SM6,9.24E-13,26,0,51,132,Y
LC-PDE,SM4,SM7,3.30E-07,20,6,41,142,Y
LC-PDE,SM4,SM8,0.004508698,24,2,13,170,Y
LC-PDE,SM5,SM6,0.0031897,44,13,33,119,Y
LC-PDE,SM5,SM7,0.537093978,38,19,23,129,N
LC-PDE,SM5,SM8,8.77E-05,34,23,3,149,Y
LC-PDE,SM6,SM7,0.023651617,44,33,17,115,Y
LC-PDE,SM6,SM8,2.54E-10,37,40,0,132,Y
LC-PDE,SM7,SM8,0.000212829,28,33,9,139,Y
ML-EQ,SM1,SM2,0.001462717,9,25,7,88,Y
ML-EQ,SM1,SM3,0.84738966,20,14,13,82,N
ML-EQ,SM1,SM4,3.61E-05,7,27,4,91,Y
ML-EQ,SM1,SM5,0.225252906,23,11,6,89,N
ML-EQ,SM1,SM6,0.200825123,26,8,14,81,N
ML-EQ,SM1,SM7,0.013328329,11,23,9,86,Y
ML-EQ,SM1,SM8,0.001090835,14,20,4,91,Y
ML-EQ,SM2,SM3,0.004059196,7,9,26,87,Y
ML-EQ,SM2,SM4,0.317310508,1,15,10,103,N
ML-EQ,SM2,SM5,0.00671439,11,5,18,95,Y
ML-EQ,SM2,SM6,0.000212829,7,9,33,80,Y
ML-EQ,SM2,SM7,0.37109337,8,8,12,101,N
ML-EQ,SM2,SM8,0.637351888,8,8,10,103,N
ML-EQ,SM3,SM4,0.000100622,6,27,5,91,Y
ML-EQ,SM3,SM5,0.504985075,13,20,16,80,N
ML-EQ,SM3,SM6,0.274298827,16,17,24,72,N
ML-EQ,SM3,SM7,0.027991815,9,24,11,85,Y
ML-EQ,SM3,SM8,0.009023439,9,24,9,87,Y
ML-EQ,SM4,SM5,0.000124236,9,2,20,98,Y
ML-EQ,SM4,SM6,7.24E-08,11,0,29,89,Y
ML-EQ,SM4,SM7,0.029049022,7,4,13,105,Y
ML-EQ,SM4,SM8,0.034808479,9,2,9,109,Y
ML-EQ,SM5,SM6,0.021810119,23,6,17,83,Y
ML-EQ,SM5,SM7,0.06056886,13,16,7,93,N
ML-EQ,SM5,SM8,0.004508698,16,13,2,98,Y
ML-EQ,SM6,SM7,0.000603644,13,27,7,82,Y
ML-EQ,SM6,SM8,3.22E-05,15,25,3,86,Y
ML-EQ,SM7,SM8,0.563702862,13,7,5,104,N
ML-JDT,SM1,SM2,0.890745801,62,26,27,91,N
ML-JDT,SM1,SM3,0.035649489,51,37,21,97,Y
ML-JDT,SM1,SM4,9.78E-16,15,73,3,115,Y
ML-JDT,SM1,SM5,0.002533448,31,57,29,89,Y
ML-JDT,SM1,SM6,1.73E-27,88,0,118,0,Y
ML-JDT,SM1,SM7,1.49E-05,70,18,55,63,Y
ML-JDT,SM1,SM8,9.63E-08,34,54,11,107,Y
ML-JDT,SM2,SM3,0.046624048,44,45,28,89,Y
ML-JDT,SM2,SM4,1.37E-15,14,75,4,113,Y
ML-JDT,SM2,SM5,0.001103349,35,54,25,92,Y
ML-JDT,SM2,SM6,2.87E-27,89,0,117,0,Y
ML-JDT,SM2,SM7,4.58E-05,68,21,57,60,Y
ML-JDT,SM2,SM8,1.45E-07,32,57,13,104,Y
ML-JDT,SM3,SM4,1.09E-10,10,62,8,126,Y
ML-JDT,SM3,SM5,0.157299207,30,42,30,104,N
ML-JDT,SM3,SM6,5.46E-31,72,0,134,0,Y
ML-JDT,SM3,SM7,1.93E-08,54,18,71,63,Y
ML-JDT,SM3,SM8,0.00081122,26,46,19,115,Y
ML-JDT,SM4,SM5,3.52E-07,5,13,55,133,Y
ML-JDT,SM4,SM6,8.69E-43,18,0,188,0,Y
ML-JDT,SM4,SM7,3.12E-24,16,2,109,79,Y
ML-JDT,SM4,SM8,1.54E-05,12,6,33,155,Y
ML-JDT,SM5,SM6,1.30E-33,60,0,146,0,Y
ML-JDT,SM5,SM7,9.50E-12,47,13,78,68,Y
ML-JDT,SM5,SM8,0.083264517,15,45,30,116,N
ML-JDT,SM6,SM7,2.26E-19,125,81,0,0,Y
ML-JDT,SM6,SM8,6.84E-37,45,161,0,0,Y
ML-JDT,SM7,SM8,6.41E-16,36,89,9,72,Y
ML-LC,SM1,SM2,0.491297124,2,11,8,43,N
ML-LC,SM1,SM3,0.796253415,5,8,7,44,N
ML-LC,SM1,SM4,0.089555074,1,12,5,46,N
ML-LC,SM1,SM5,0.165517859,4,9,4,47,N
ML-LC,SM1,SM6,0.000238563,10,3,21,30,Y
ML-LC,SM1,SM7,0.059346439,0,13,5,46,N
ML-LC,SM1,SM8,0.045500264,1,12,4,47,Y
ML-LC,SM2,SM3,0.479500122,7,3,5,49,N
ML-LC,SM2,SM4,0.205903211,3,7,3,51,N
ML-LC,SM2,SM5,0.563702862,3,7,5,49,N
ML-LC,SM2,SM6,5.31E-05,7,3,24,30,Y
ML-LC,SM2,SM7,0.095580705,3,7,2,52,N
ML-LC,SM2,SM8,0.058781721,4,6,1,53,N
ML-LC,SM3,SM4,0.033894854,5,7,1,51,Y
ML-LC,SM3,SM5,0.248213079,4,8,4,48,N
ML-LC,SM3,SM6,3.38E-05,11,1,20,32,Y
ML-LC,SM3,SM7,0.034808479,3,9,2,50,Y
ML-LC,SM3,SM8,0.008150972,5,7,0,52,Y
ML-LC,SM4,SM5,0.563702862,1,5,7,51,N
ML-LC,SM4,SM6,5.73E-07,6,0,25,33,Y
ML-LC,SM4,SM7,0.705456986,2,4,3,55,N
ML-LC,SM4,SM8,0.563702862,4,2,1,57,N
ML-LC,SM5,SM6,1.95E-05,5,3,26,30,Y
ML-LC,SM5,SM7,0.405380556,0,8,5,51,N
ML-LC,SM5,SM8,0.365712296,1,7,4,52,N
ML-LC,SM6,SM7,2.07E-06,3,28,2,31,Y
ML-LC,SM6,SM8,3.41E-07,5,26,0,33,Y
ML-LC,SM7,SM8,1,3,2,2,57,N
ML-PDE,SM1,SM2,0.115100216,22,23,35,129,N
ML-PDE,SM1,SM3,0.011229887,35,10,25,139,Y
ML-PDE,SM1,SM4,0.000793952,10,35,12,152,Y
ML-PDE,SM1,SM5,0.078169086,31,14,25,139,N
ML-PDE,SM1,SM6,1.53E-06,36,9,44,120,Y
ML-PDE,SM1,SM7,0.274298827,21,24,17,147,N
ML-PDE,SM1,SM8,0.001039363,14,31,10,154,Y
ML-PDE,SM2,SM3,0.69611752,29,28,31,121,N
ML-PDE,SM2,SM4,9.54E-07,14,43,8,144,Y
ML-PDE,SM2,SM5,0.896416968,27,30,29,123,N
ML-PDE,SM2,SM6,0.002315807,40,17,40,112,Y
ML-PDE,SM2,SM7,0.007801728,22,35,16,136,Y
ML-PDE,SM2,SM8,3.82E-06,15,42,9,143,Y
ML-PDE,SM3,SM4,6.05E-07,12,48,10,139,Y
ML-PDE,SM3,SM5,0.579099742,32,28,24,125,N
ML-PDE,SM3,SM6,0.004677735,45,15,35,114,Y
ML-PDE,SM3,SM7,0.001496164,25,35,13,136,Y
ML-PDE,SM3,SM8,9.63E-07,15,45,9,140,Y
ML-PDE,SM4,SM5,1.57E-05,8,14,48,139,Y
ML-PDE,SM4,SM6,7.01E-14,21,1,59,128,Y
ML-PDE,SM4,SM7,0.015861333,8,14,30,157,Y
ML-PDE,SM4,SM8,0.731600589,6,16,18,169,N
ML-PDE,SM5,SM6,0.000874087,42,14,38,115,Y
ML-PDE,SM5,SM7,0.005478553,26,30,12,141,Y
ML-PDE,SM5,SM8,3.86E-06,16,40,8,145,Y
ML-PDE,SM6,SM7,2.86E-09,34,46,4,125,Y
ML-PDE,SM6,SM8,1.94E-13,23,57,1,128,Y
ML-PDE,SM7,SM8,0.008150972,17,21,7,164,Y
PDE-EQ,SM1,SM2,0.128190174,9,22,13,85,N
PDE-EQ,SM1,SM3,0.365712296,24,7,4,94,N
PDE-EQ,SM1,SM4,0.004266725,12,19,5,93,Y
PDE-EQ,SM1,SM5,0.872780124,11,20,19,79,N
PDE-EQ,SM1,SM6,4.18E-23,31,0,98,0,Y
PDE-EQ,SM1,SM7,0.601508134,16,15,18,80,N
PDE-EQ,SM1,SM8,0.009322376,12,19,6,92,Y
PDE-EQ,SM2,SM3,0.303483664,8,14,20,87,N
PDE-EQ,SM2,SM4,0.335923813,6,16,11,96,N
PDE-EQ,SM2,SM5,0.205903211,6,16,24,83,N
PDE-EQ,SM2,SM6,4.45E-25,22,0,107,0,Y
PDE-EQ,SM2,SM7,0.023342202,14,8,20,87,Y
PDE-EQ,SM2,SM8,0.432767581,7,15,11,96,N
PDE-EQ,SM3,SM4,0.034264008,9,19,8,93,Y
PDE-EQ,SM3,SM5,0.745602789,10,18,20,81,N
PDE-EQ,SM3,SM6,9.20E-24,28,0,101,0,Y
PDE-EQ,SM3,SM7,0.317310508,13,15,21,80,N
PDE-EQ,SM3,SM8,0.049860204,10,18,8,93,Y
PDE-EQ,SM4,SM5,0.00671439,12,5,18,94,Y
PDE-EQ,SM4,SM6,3.57E-26,17,0,112,0,Y
PDE-EQ,SM4,SM7,9.62E-05,16,1,18,94,Y
PDE-EQ,SM4,SM8,0.705456986,14,3,4,108,N
PDE-EQ,SM5,SM6,2.53E-23,30,0,99,0,Y
PDE-EQ,SM5,SM7,0.465208818,17,13,17,82,N
PDE-EQ,SM5,SM8,0.014305878,12,18,6,93,Y
PDE-EQ,SM6,SM7,1.90E-22,34,95,0,0,Y
PDE-EQ,SM6,SM8,5.92E-26,18,111,0,0,Y
PDE-EQ,SM7,SM8,0.000162441,17,17,1,94,Y
PDE-JDT,SM1,SM2,0.003433193,55,24,49,78,Y
PDE-JDT,SM1,SM3,0.000406952,53,26,6,121,Y
PDE-JDT,SM1,SM4,1.09E-09,72,7,55,72,Y
PDE-JDT,SM1,SM5,0.39802472,64,15,20,107,N
PDE-JDT,SM1,SM6,1.76E-22,77,2,101,26,Y
PDE-JDT,SM1,SM7,6.53E-15,73,6,77,50,Y
PDE-JDT,SM1,SM8,0.274298827,62,17,24,103,N
PDE-JDT,SM2,SM3,7.84E-07,40,64,19,83,Y
PDE-JDT,SM2,SM4,0.002315807,87,17,40,62,Y
PDE-JDT,SM2,SM5,0.03103252,51,53,33,69,Y
PDE-JDT,SM2,SM6,6.80E-16,99,5,79,23,Y
PDE-JDT,SM2,SM7,8.92E-09,95,9,55,47,Y
PDE-JDT,SM2,SM8,0.022254125,64,40,22,80,Y
PDE-JDT,SM3,SM4,2.90E-14,53,6,74,73,Y
PDE-JDT,SM3,SM5,0.000137588,50,9,34,113,Y
PDE-JDT,SM3,SM6,1.05E-27,59,0,119,28,Y
PDE-JDT,SM3,SM7,3.06E-19,53,6,97,50,Y
PDE-JDT,SM3,SM8,0.000156353,47,12,39,108,Y
PDE-JDT,SM4,SM5,3.34E-07,70,57,14,65,Y
PDE-JDT,SM4,SM6,1.43E-11,124,3,54,25,Y
PDE-JDT,SM4,SM7,0.000606619,116,11,34,45,Y
PDE-JDT,SM4,SM8,9.84E-10,84,43,2,77,Y
PDE-JDT,SM5,SM6,5.46E-21,81,3,97,25,Y
PDE-JDT,SM5,SM7,5.97E-13,75,9,75,47,Y
PDE-JDT,SM5,SM8,0.757620724,64,20,22,100,N
PDE-JDT,SM6,SM7,2.43E-05,142,36,8,20,Y
PDE-JDT,SM6,SM8,8.67E-22,86,92,0,28,Y
PDE-JDT,SM7,SM8,1.01E-13,81,69,5,51,Y
PDE-LC,SM1,SM2,0.84738966,14,14,13,23,N
PDE-LC,SM1,SM3,0.016377308,12,16,5,31,Y
PDE-LC,SM1,SM4,0.345778586,17,11,7,29,N
PDE-LC,SM1,SM5,1,19,9,9,27,N
PDE-LC,SM1,SM6,0.007058332,20,8,23,13,Y
PDE-LC,SM1,SM7,0.06056886,12,16,7,29,N
PDE-LC,SM1,SM8,0.007290358,12,16,4,32,Y
PDE-LC,SM2,SM3,0.033006258,11,16,6,31,Y
PDE-LC,SM2,SM4,0.51269076,15,12,9,28,N
PDE-LC,SM2,SM5,0.84738966,14,13,14,23,N
PDE-LC,SM2,SM6,0.000346619,25,2,18,19,Y
PDE-LC,SM2,SM7,0.088081512,12,15,7,30,N
PDE-LC,SM2,SM8,0.011616891,12,15,4,33,Y
PDE-LC,SM3,SM4,0.108293656,11,6,13,34,N
PDE-LC,SM3,SM5,0.034264008,9,8,19,28,Y
PDE-LC,SM3,SM6,8.94E-07,16,1,27,20,Y
PDE-LC,SM3,SM7,0.617075077,10,7,9,38,N
PDE-LC,SM3,SM8,0.781511295,10,7,6,41,N
PDE-LC,SM4,SM5,0.432767581,13,11,15,25,N
PDE-LC,SM4,SM6,3.38E-05,23,1,20,20,Y
PDE-LC,SM4,SM7,0.196705602,14,10,5,35,N
PDE-LC,SM4,SM8,0.020921335,14,10,2,38,Y
PDE-LC,SM5,SM6,0.007058332,20,8,23,13,Y
PDE-LC,SM5,SM7,0.071860638,11,17,8,28,N
PDE-LC,SM5,SM8,0.014305878,10,18,6,30,Y
PDE-LC,SM6,SM7,9.63E-07,19,24,0,21,Y
PDE-LC,SM6,SM8,2.03E-07,16,27,0,21,Y
PDE-LC,SM7,SM8,0.405380556,11,8,5,40,N
PDE-ML,SM1,SM2,2.45E-09,30,12,64,139,Y
PDE-ML,SM1,SM3,0.055511098,31,11,22,181,N
PDE-ML,SM1,SM4,7.21E-05,27,15,46,157,Y
PDE-ML,SM1,SM5,1.22E-11,32,10,71,132,Y
PDE-ML,SM1,SM6,2.49E-27,39,3,126,77,Y
PDE-ML,SM1,SM7,5.23E-14,33,9,80,123,Y
PDE-ML,SM1,SM8,0.017290281,25,17,34,169,Y
PDE-ML,SM2,SM3,5.47E-07,40,54,13,138,Y
PDE-ML,SM2,SM4,0.002699796,59,35,14,137,Y
PDE-ML,SM2,SM5,0.207578442,73,21,30,121,N
PDE-ML,SM2,SM6,1.81E-13,83,11,82,69,Y
PDE-ML,SM2,SM7,0.024140539,68,26,45,106,Y
PDE-ML,SM2,SM8,3.30E-07,53,41,6,145,Y
PDE-ML,SM3,SM4,0.006495586,36,17,37,155,Y
PDE-ML,SM3,SM5,2.27E-08,38,15,65,127,Y
PDE-ML,SM3,SM6,3.67E-24,48,5,117,75,Y
PDE-ML,SM3,SM7,1.59E-10,39,14,74,118,Y
PDE-ML,SM3,SM8,0.365712296,34,19,25,167,N
PDE-ML,SM4,SM5,5.73E-07,70,3,33,139,Y
PDE-ML,SM4,SM6,2.33E-21,72,1,93,79,Y
PDE-ML,SM4,SM7,2.91E-08,67,6,46,126,Y
PDE-ML,SM4,SM8,0.004266725,54,19,5,167,Y
PDE-ML,SM5,SM6,2.22E-12,95,8,70,72,Y
PDE-ML,SM5,SM7,0.165517859,82,21,31,111,N
PDE-ML,SM5,SM8,2.13E-09,54,49,5,137,Y
PDE-ML,SM6,SM7,1.90E-11,109,56,4,76,Y
PDE-ML,SM6,SM8,1.99E-24,58,107,1,79,Y
PDE-ML,SM7,SM8,1.48E-11,54,59,5,127,Y
